"Results","Agent","Map","Placement","Duration (min)","Average Rank of Match","Average Combat Score (ACS)","A","K/D","Average Damage Per Round (ADR)","HS%","KAST%","First Kill","First Death","MK (Multikill)","Econ"
"1",50.6666666666667,49.2753623188406,45.8823529411765,38,53.3333333333333,154,5,0.666666666666667,110,31,74,2,2,0,48
"0",50.6666666666667,51.7241379310345,75,42,44.8275862068966,225,5,0.904761904761905,138.6,21,75,1,1,1,52
"1",50.6666666666667,51.5625,53.3333333333333,34,44.8275862068966,201,7,0.875,132.9,26,71,2,2,1,66
"0",50.6666666666667,52.112676056338,42.4657534246575,40,54.8387096774194,176,5,0.55,117,23,64,1,3,1,49
"0",33.3333333333333,52.112676056338,42.1052631578947,29,44.8275862068966,60,1,0.2,38.9,26,39,0,2,0,15
"0",50.6666666666667,51.7241379310345,53.3333333333333,21,44.8275862068966,173,0,0.642857142857143,106.3,17,60,1,3,0,45
"0",50.6666666666667,52.112676056338,59.2592592592593,30,44.8275862068966,141,3,0.529411764705882,79.4,14,56,1,2,0,34
"0",50.6666666666667,51.7241379310345,45.8823529411765,31,54.8387096774194,89,4,0.2,63.5,0,50,0,1,0,26
"1",50.6666666666667,49.3150684931507,45.8823529411765,32,50,145,9,0.7,95.9,14,82,1,2,0,40
"0",50.6666666666667,51.7241379310345,42.1052631578947,33,44.8275862068966,150,6,0.529411764705882,106.1,24,50,1,2,0,43
"0",50.6666666666667,49.2753623188406,42.1052631578947,43,53.3333333333333,148,5,0.578947368421053,73,16,59,2,2,1,28
"0",50.6666666666667,51.5625,59.2592592592593,27,44.8275862068966,162,4,0.466666666666667,103.9,7,59,0,2,1,47
"1",50.6666666666667,49.2753623188406,45.8823529411765,33,53.3333333333333,100,2,0.5,120.9,19,74,0,3,0,56
"1",33.3333333333333,51.5625,42.4657534246575,30,53.3333333333333,204,4,1.3,123.3,22,89,3,1,1,58
"1",50.6666666666667,49.3150684931507,42.4657534246575,44,44.8275862068966,178,2,0.882352941176471,110.5,23,54,2,1,1,47
"0",50.6666666666667,49.3150684931507,45.8823529411765,39,54.8387096774194,91,7,0.263157894736842,83.3,11,45,0,4,0,35
"0",50.6666666666667,49.2753623188406,59.2592592592593,27,54.8387096774194,150,5,0.466666666666667,114,13,62,0,2,0,57
"0",50.6666666666667,51.7241379310345,42.1052631578947,17,44.8275862068966,56,3,0.222222222222222,57.8,10,42,0,4,0,31
"0",50.6666666666667,52.112676056338,42.1052631578947,40,44.8275862068966,120,5,0.421052631578947,134.2,29,71,1,1,0,52
"1",50.6666666666667,49.2753623188406,45.8823529411765,39,53.3333333333333,151,8,0.705882352941177,92.8,13,74,2,4,1,38
"1",50.6666666666667,52.112676056338,45.8823529411765,47,53.3333333333333,134,7,0.733333333333333,93.5,13,79,1,1,0,49
"0",50.6666666666667,52.112676056338,53.3333333333333,32,44.8275862068966,163,4,0.555555555555556,128.4,28,55,1,4,0,46
"1",50.6666666666667,52.112676056338,42.1052631578947,33,44.8275862068966,125,7,0.5,99.7,9,65,1,0,0,45
"1",50.6666666666667,51.5625,42.4657534246575,39,44.8275862068966,210,9,1.125,148.3,31,83,1,0,2,72
"0",50.6666666666667,49.2753623188406,42.1052631578947,35,53.3333333333333,105,3,0.533333333333333,71,25,67,1,0,0,35
"1",50.6666666666667,49.2753623188406,42.4657534246575,27,44.8275862068966,170,8,0.888888888888889,116.3,20,100,2,0,2,60
"0",50.6666666666667,49.3150684931507,42.4657534246575,42,53.3333333333333,192,7,0.736842105263158,144.8,29,58,6,4,0,59
"0",50.6666666666667,52.112676056338,59.2592592592593,32,44.8275862068966,125,5,0.466666666666667,100.8,26,68,1,2,0,45
"1",50.6666666666667,49.3150684931507,42.1052631578947,45,44.8275862068966,122,4,0.611111111111111,182.1,22,65,1,1,0,80
"1",100,51.7241379310345,45.8823529411765,43,50,109,4,0.555555555555556,76.6,15,52,0,5,0,34
"1",71.4285714285714,49.2753623188406,42.4657534246575,46,53.3333333333333,194,12,0.75,236.1,18,82,1,2,1,112
"0",33.3333333333333,51.7241379310345,45.8823529411765,27,53.3333333333333,144,1,0.583333333333333,158,21,44,0,1,0,81
"0",50.6666666666667,52.112676056338,55.5555555555556,50,50,290,6,1.70588235294118,226.9,24,86,4,1,3,109
"0",50.6666666666667,49.3150684931507,42.1052631578947,37,44.8275862068966,121,4,0.5625,92.2,31,67,1,5,0,40
"1",50.6666666666667,51.5625,53.3333333333333,10,53.3333333333333,157,0,2.5,101.4,80,186,0,0,0,88
"1",50.6666666666667,49.3150684931507,45.8823529411765,28,54.8387096774194,113,4,0.6,87.1,15,71,0,4,0,52
"1",50.6666666666667,51.5625,45.8823529411765,25,53.3333333333333,109,6,0.5,83.8,5,87,2,1,0,46
"0",33.3333333333333,51.7241379310345,42.4657534246575,33,53.3333333333333,203,3,1,125.6,18,68,1,2,0,61
"0",33.3333333333333,52.112676056338,59.2592592592593,42,50,147,14,0.5,131.3,15,71,1,4,0,59
"0",50.6666666666667,52.112676056338,53.3333333333333,34,50,250,8,1,184.6,15,75,3,0,1,76
"1",50.6666666666667,51.7241379310345,55.5555555555556,25,50,270,6,1.36363636363636,181.4,13,75,3,2,1,78
"0",50.6666666666667,52.112676056338,45.8823529411765,24,44.8275862068966,100,2,0.153846153846154,75.5,5,23,1,1,0,28
"1",50.6666666666667,49.2753623188406,45.8823529411765,41,44.8275862068966,143,7,0.8125,102.9,16,65,0,1,0,47
"1",33.3333333333333,51.7241379310345,59.2592592592593,38,44.8275862068966,150,4,0.666666666666667,110.9,19,79,3,2,1,45
"1",50.6666666666667,52.112676056338,45.8823529411765,28,50,115,2,0.583333333333333,58.8,14,67,0,1,0,34
"1",50.6666666666667,49.3150684931507,59.2592592592593,33,44.8275862068966,130,2,0.5,71.9,23,57,2,6,0,28
"1",50.6666666666667,51.7241379310345,45.8823529411765,34,44.8275862068966,117,4,0.5625,93.1,29,73,0,3,0,44
"1",50.6666666666667,52.112676056338,53.3333333333333,28,44.8275862068966,170,4,1.71428571428571,172.6,17,82,0,0,0,108
"1",50.6666666666667,52.112676056338,75,7,53.3333333333333,160,2,3,122,67,200,0,1,0,122
"1",50.6666666666667,51.7241379310345,45.8823529411765,47,54.8387096774194,163,3,0.722222222222222,82,61,61,1,2,2,34
"1",50.6666666666667,51.7241379310345,45.4545454545455,41,53.3333333333333,239,5,1.4,148.8,17,79,2,2,2,71
"0",71.4285714285714,49.2753623188406,42.1052631578947,38,54.8387096774194,95,9,0.294117647058824,67.2,22,73,1,1,0,30
"1",50.6666666666667,51.5625,42.4657534246575,33,44.8275862068966,170,4,0.8125,120.7,42,62,1,3,2,53
"0",50.6666666666667,51.5625,45.4545454545455,28,44.8275862068966,223,0,0.857142857142857,122.1,42,38,1,2,2,55
"0",50.6666666666667,51.7241379310345,45.4545454545455,38,44.8275862068966,211,6,0.666666666666667,134.6,24,59,5,2,1,49
"1",71.4285714285714,49.3150684931507,55.5555555555556,43,53.3333333333333,306,7,2,182.4,20,81,3,2,3,81
"1",50.6666666666667,51.5625,71.4285714285714,36,44.8275862068966,301,5,1.10526315789474,181.5,22,82,3,5,1,67
"0",50.6666666666667,49.2753623188406,42.4657534246575,28,44.8275862068966,184,3,0.733333333333333,117.1,14,61,2,1,0,50
"1",71.4285714285714,52.112676056338,75,37,53.3333333333333,225,7,1.38461538461538,139.7,20,87,3,1,0,82
"0",50.6666666666667,49.3150684931507,71.4285714285714,34,44.8275862068966,339,5,1.25,214.2,12,79,4,3,1,86
"0",28.5714285714286,49.2753623188406,55.5555555555556,33,53.3333333333333,316,5,1.61538461538462,230.8,10,67,1,2,2,118
"0",50.6666666666667,49.2753623188406,45.4545454545455,36,53.3333333333333,223,3,0.9375,162.9,20,67,3,2,1,65
"1",50.6666666666667,51.5625,75,29,44.8275862068966,192,2,1.55555555555556,96.2,14,72,2,1,1,52
"1",50.6666666666667,51.5625,53.3333333333333,31,44.8275862068966,212,1,1.15384615384615,146.1,24,68,2,2,1,84
"0",50.6666666666667,49.2753623188406,53.3333333333333,38,44.8275862068966,236,5,1,148.2,26,67,1,5,2,61
"0",50.6666666666667,49.3150684931507,42.1052631578947,32,50,105,1,0.315789473684211,84.5,17,30,2,6,0,36
"0",54.4444444444444,49.3150684931507,78.5714285714286,31,53.3333333333333,271,4,1,157.9,18,71,4,2,1,61
"1",71.4285714285714,49.2753623188406,55.5555555555556,24,50,247,2,3.2,148.7,16,88,3,0,0,99
"1",50.6666666666667,51.5625,59.2592592592593,27,54.8387096774194,145,1,0.5,97.8,17,42,3,2,1,40
"0",54.4444444444444,51.5625,53.3333333333333,43,44.8275862068966,201,6,1.13333333333333,128.7,27,70,3,1,0,56
"1",54.4444444444444,49.2753623188406,59.2592592592593,38,44.8275862068966,158,9,0.75,84.2,6,62,1,1,1,37
"1",54.4444444444444,51.5625,45.8823529411765,45,54.8387096774194,184,6,0.888888888888889,131.9,23,65,0,1,1,50
"0",54.4444444444444,49.2753623188406,45.8823529411765,40,44.8275862068966,120,5,0.533333333333333,95.9,26,57,0,0,0,46
"1",50.6666666666667,49.2753623188406,42.1052631578947,26,54.8387096774194,85,7,0.454545454545455,49.6,23,65,0,2,0,22
"0",54.4444444444444,49.3150684931507,45.8823529411765,33,44.8275862068966,160,4,0.611111111111111,95.9,28,60,3,1,0,34
"0",54.4444444444444,51.7241379310345,42.1052631578947,33,44.8275862068966,101,4,0.411764705882353,76.6,25,43,0,2,0,31
"0",54.4444444444444,49.3150684931507,55.5555555555556,34,44.8275862068966,278,4,1.33333333333333,192.9,35,86,3,0,2,73
"0",48.1481481481481,51.5625,53.3333333333333,32,50,200,1,0.928571428571429,119.7,43,67,2,0,0,48
"0",54.4444444444444,49.2753623188406,75,19,53.3333333333333,198,0,1,162.2,27,50,0,0,1,74
"1",54.4444444444444,51.7241379310345,75,37,54.8387096774194,227,9,1.23076923076923,136.4,29,75,1,1,0,62
"0",54.4444444444444,52.112676056338,53.3333333333333,51,44.8275862068966,201,9,0.818181818181818,132.9,21,79,2,2,2,42
"0",54.4444444444444,49.3150684931507,42.1052631578947,32,44.8275862068966,119,7,0.375,84.6,17,72,1,1,0,33
"1",54.4444444444444,52.112676056338,59.2592592592593,31,44.8275862068966,145,10,0.9,98.9,28,83,0,1,0,45
"1",54.4444444444444,49.3150684931507,75,30,53.3333333333333,191,6,1.2,80.4,22,81,2,1,2,34
"1",50.6666666666667,51.5625,42.4657534246575,37,53.3333333333333,170,2,1.3,103,14,71,0,0,2,52
"0",33.3333333333333,52.112676056338,45.8823529411765,37,44.8275862068966,166,5,0.6875,116.4,23,67,2,1,0,53
"0",54.4444444444444,51.5625,42.4657534246575,41,53.3333333333333,157,6,0.631578947368421,112.3,10,71,1,3,1,45
"1",54.4444444444444,49.2753623188406,45.8823529411765,40,44.8275862068966,138,8,0.857142857142857,97.6,15,68,0,2,1,40
"1",50.6666666666667,52.112676056338,71.4285714285714,26,50,392,3,2.875,228.3,20,94,1,2,3,96
"1",100,51.5625,71.4285714285714,38,53.3333333333333,344,8,1.42105263157895,218.4,16,75,3,3,2,80
"0",54.4444444444444,52.112676056338,45.4545454545455,29,44.8275862068966,236,6,1.07692307692308,159.2,22,74,2,1,1,77
"1",71.4285714285714,52.112676056338,71.4285714285714,30,50,385,2,4.66666666666667,225.1,18,100,2,1,4,135
"1",54.4444444444444,55.8139534883721,45.4545454545455,36,44.8275862068966,199,9,1.30769230769231,124.7,22,77,1,2,1,57
"0",54.4444444444444,51.5625,42.4657534246575,47,44.8275862068966,193,10,0.80952380952381,121.9,18,82,4,1,1,44
"1",54.4444444444444,52.112676056338,53.3333333333333,32,44.8275862068966,209,1,1.54545454545455,127,18,80,2,0,2,68
"1",54.4444444444444,49.2753623188406,45.8823529411765,28,44.8275862068966,109,4,0.875,80.1,38,88,0,0,0,33
"0",54.4444444444444,55.8139534883721,42.1052631578947,36,44.8275862068966,116,4,0.421052631578947,56.9,29,59,0,2,0,23
"1",54.4444444444444,49.3150684931507,45.8823529411765,48,55.5555555555556,100,8,0.526315789473684,69.2,32,61,1,4,0,26
"1",54.4444444444444,51.5625,42.1052631578947,33,55.5555555555556,167,3,0.857142857142857,102.7,30,81,3,2,0,41
"0",54.4444444444444,52.112676056338,42.4657534246575,25,53.3333333333333,157,2,0.571428571428571,90.9,6,50,0,4,0,38
"0",54.4444444444444,51.7241379310345,45.4545454545455,40,54.8387096774194,237,3,1.11764705882353,156.8,33,71,1,0,1,58
"1",28.5714285714286,49.2753623188406,42.1052631578947,30,55.5555555555556,143,1,1.09090909090909,95.4,28,68,0,0,1,44
"1",54.4444444444444,49.2753623188406,45.8823529411765,43,54.8387096774194,157,5,0.65,99.5,25,67,0,1,1,37
"0",50.6666666666667,51.5625,42.4657534246575,41,44.8275862068966,203,7,0.944444444444444,136.4,19,71,2,0,0,54
"1",54.4444444444444,55.8139534883721,53.3333333333333,35,54.8387096774194,169,5,0.928571428571429,126.8,14,77,2,2,0,59
"0",54.4444444444444,49.3150684931507,45.8823529411765,25,44.8275862068966,98,1,0.357142857142857,69.1,24,44,0,3,0,29
"0",45.4545454545455,49.2753623188406,42.1052631578947,41,44.8275862068966,102,2,0.625,57.6,13,65,1,2,0,25
"1",54.4444444444444,55.8139534883721,42.1052631578947,35,54.8387096774194,81,6,0.466666666666667,46.5,21,58,0,1,0,19
"0",54.4444444444444,49.3150684931507,42.4657534246575,33,44.8275862068966,190,6,0.857142857142857,131,23,74,1,1,0,56
"0",54.4444444444444,49.3150684931507,42.4657534246575,32,54.8387096774194,158,3,0.642857142857143,88.7,14,65,0,1,2,47
"1",54.4444444444444,51.5625,45.8823529411765,49,54.8387096774194,220,11,1.33333333333333,148,21,81,2,0,1,65
"1",54.4444444444444,51.7241379310345,75,29,54.8387096774194,117,3,0.9,73.4,29,74,0,1,0,33
"0",54.4444444444444,52.112676056338,53.3333333333333,47,54.8387096774194,161,7,0.882352941176471,107.1,16,62,1,0,1,43
"1",54.4444444444444,55.8139534883721,45.8823529411765,41,46.1538461538462,131,7,0.5,141.9,23,50,1,1,0,54
"0",45.4545454545455,51.7241379310345,42.1052631578947,44,55.5555555555556,128,5,0.409090909090909,86.7,21,58,0,1,0,31
"1",54.4444444444444,52.112676056338,42.1052631578947,37,54.8387096774194,129,8,0.818181818181818,81.2,11,85,1,1,0,31
"1",50.6666666666667,51.5625,75,30,55.5555555555556,203,2,1.18181818181818,123.6,33,72,3,2,0,45
"1",50.6666666666667,52.112676056338,42.4657534246575,34,55.5555555555556,190,7,1.08333333333333,132.7,16,80,1,0,0,60
"1",50.6666666666667,51.5625,53.3333333333333,41,54.8387096774194,174,8,0.941176470588235,131.1,30,77,3,1,0,51
"0",54.4444444444444,52.112676056338,42.1052631578947,31,46.1538461538462,107,7,0.5,72,24,61,1,2,1,30
"0",54.4444444444444,49.3150684931507,42.1052631578947,28,55.5555555555556,60,7,0.2,50,5,41,0,0,0,20
"0",54.4444444444444,55.8139534883721,42.4657534246575,40,54.8387096774194,179,9,0.923076923076923,170.6,29,73,1,1,1,70
"1",54.4444444444444,52.112676056338,42.1052631578947,33,44.8275862068966,129,6,0.6,94.9,17,73,3,2,0,43
"0",45.4545454545455,52.112676056338,42.4657534246575,39,44.8275862068966,144,9,0.8125,97.9,21,75,0,1,0,46
"1",54.4444444444444,52.112676056338,53.3333333333333,40,54.8387096774194,183,18,1.07142857142857,136,17,91,2,1,0,54
"0",50.6666666666667,49.2753623188406,42.4657534246575,45,54.8387096774194,195,1,1.05882352941176,162.7,25,65,1,3,2,67
"1",33.3333333333333,49.3150684931507,45.4545454545455,39,55.5555555555556,210,5,1.45454545454545,154.8,22,90,1,0,1,72
"1",54.4444444444444,51.7241379310345,53.3333333333333,44,54.8387096774194,179,8,1.125,153.9,35,69,0,0,0,56
"0",54.4444444444444,51.5625,59.2592592592593,37,44.8275862068966,200,8,0.9375,184.2,34,77,1,3,0,66
"1",33.3333333333333,51.7241379310345,45.8823529411765,37,54.8387096774194,104,7,0.5,77.3,23,79,0,3,0,33
"0",33.3333333333333,51.7241379310345,53.3333333333333,35,55.5555555555556,208,7,1,147.8,34,73,0,0,0,61
"1",54.4444444444444,52.112676056338,42.1052631578947,31,55.5555555555556,109,7,0.538461538461538,81.6,18,84,0,0,0,31
"1",54.4444444444444,52.112676056338,75,23,54.8387096774194,179,11,2.16666666666667,103.6,14,100,0,0,0,55
"1",54.4444444444444,49.3150684931507,45.8823529411765,36,44.8275862068966,144,6,0.769230769230769,111.8,38,75,0,2,1,51
"1",66.6666666666667,55.8139534883721,59.2592592592593,35,54.8387096774194,133,0,0.6,96.9,15,52,2,0,0,45
"0",50.6666666666667,55.8139534883721,42.4657534246575,38,54.8387096774194,184,6,0.6,163.5,23,64,3,2,0,58
"0",33.3333333333333,52.112676056338,45.8823529411765,36,54.8387096774194,126,7,0.4,126.1,23,59,0,1,0,43
"1",50.6666666666667,52.112676056338,59.2592592592593,45,55.5555555555556,175,2,1,125,25,71,2,3,1,52
"0",54.4444444444444,51.5625,45.8823529411765,26,54.8387096774194,108,6,0.384615384615385,75.4,20,56,1,0,0,32
"1",54.4444444444444,49.3150684931507,42.4657534246575,28,54.8387096774194,133,8,0.727272727272727,84.9,5,72,1,6,1,41
"1",54.4444444444444,51.7241379310345,59.2592592592593,44,54.8387096774194,138,10,0.785714285714286,152.7,20,75,3,0,0,58
"1",54.4444444444444,49.3150684931507,45.8823529411765,41,55.5555555555556,133,12,0.916666666666667,89.6,12,81,0,1,0,39
"1",50.6666666666667,49.2753623188406,59.2592592592593,29,54.8387096774194,124,6,0.571428571428571,100.7,17,79,0,2,0,41
"0",54.4444444444444,51.5625,45.8823529411765,35,46.1538461538462,173,10,1.07142857142857,111.7,25,71,1,0,2,52
"0",54.4444444444444,51.5625,45.8823529411765,44,60,146,9,0.75,92.6,23,62,1,3,1,34
"0",54.4444444444444,55.8139534883721,45.8823529411765,39,46.1538461538462,132,5,0.5,96.8,31,48,1,2,1,41
"0",54.4444444444444,45.2380952380952,45.8823529411765,32,46.1538461538462,124,2,0.571428571428571,80.3,18,60,0,0,0,47
"1",45.4545454545455,52.112676056338,78.5714285714286,34,54.8387096774194,255,9,1.7,180.3,29,89,2,2,2,81
"1",45.4545454545455,49.2753623188406,55.5555555555556,31,54.8387096774194,321,11,2,236.8,21,95,1,4,2,113
"1",50.6666666666667,52.112676056338,71.4285714285714,36,55.5555555555556,295,5,1.5625,189.3,43,83,6,0,2,87
"0",50.6666666666667,55.8139534883721,78.5714285714286,46,54.8387096774194,276,5,1.27777777777778,191,18,73,3,4,2,74
"1",50.6666666666667,49.2753623188406,78.5714285714286,53,54.8387096774194,286,5,1.22727272727273,187.8,9,61,5,6,3,70
"1",45.4545454545455,49.3150684931507,78.5714285714286,37,55.5555555555556,251,8,1.30769230769231,165,22,81,4,1,2,72
"0",54.4444444444444,45.2380952380952,53.3333333333333,27,55.5555555555556,189,4,0.6875,115.2,13,59,0,0,1,50
"1",54.4444444444444,49.2753623188406,59.2592592592593,42,55.5555555555556,158,10,0.666666666666667,111.7,27,70,2,2,0,48
"0",54.4444444444444,49.2753623188406,78.5714285714286,32,46.1538461538462,260,6,1,174.7,11,72,0,0,0,71
"1",50.6666666666667,51.5625,53.3333333333333,40,55.5555555555556,238,3,1.69230769230769,147.8,21,83,2,0,2,62
"1",54.4444444444444,45.2380952380952,75,29,54.8387096774194,202,7,1.57142857142857,138.9,24,89,1,0,0,100
"1",50.6666666666667,52.112676056338,45.4545454545455,40,55.5555555555556,238,3,1.69230769230769,147.8,21,83,2,0,2,62
"0",54.4444444444444,51.7241379310345,42.1052631578947,31,60,91,10,0.333333333333333,67.9,21,60,0,0,0,31
"0",28.5714285714286,52.112676056338,45.8823529411765,38,46.1538461538462,145,8,0.434782608695652,118.2,23,62,2,3,0,45
"1",50.6666666666667,49.2753623188406,78.5714285714286,24,55.5555555555556,216,1,3.5,309.5,38,93,1,0,0,145
"1",100,55.8139534883721,42.1052631578947,38,55.5555555555556,67,4,0.352941176470588,51.8,19,65,1,2,0,19
"1",100,55.8139534883721,75,22,55.5555555555556,228,8,1.18181818181818,166.1,21,76,1,2,1,70
"1",28.5714285714286,45.2380952380952,53.3333333333333,32,46.1538461538462,181,5,1.5,104.7,20,70,0,1,1,53
"0",28.5714285714286,51.5625,45.8823529411765,31,46.1538461538462,202,8,0.647058823529412,150.9,34,61,0,1,0,66
"0",28.5714285714286,49.3150684931507,53.3333333333333,32,46.1538461538462,114,7,0.411764705882353,81.7,20,65,0,1,0,34
"0",50.6666666666667,49.2753623188406,45.8823529411765,34,46.1538461538462,144,4,0.6875,106.6,24,68,0,1,0,46
"1",50.6666666666667,49.3150684931507,45.8823529411765,40,60,100,3,0.388888888888889,78.9,28,71,1,1,0,35
"1",54.4444444444444,52.112676056338,45.8823529411765,45,60,167,7,1.05882352941176,113.5,22,69,0,0,0,41
"1",50.6666666666667,49.3150684931507,78.5714285714286,30,60,282,8,1.8,239.8,13,78,2,1,2,102
"0",50.6666666666667,51.7241379310345,53.3333333333333,39,55.5555555555556,189,2,1,127.7,16,74,3,1,1,55
"1",54.4444444444444,51.7241379310345,59.2592592592593,48,46.1538461538462,124,12,0.705882352941177,86.9,14,69,0,2,1,31
"1",100,49.2753623188406,42.1052631578947,40,46.1538461538462,85,3,0.470588235294118,65,29,62,0,2,0,29
"0",54.4444444444444,45.2380952380952,59.2592592592593,37,46.1538461538462,185,6,0.875,120.8,15,68,1,2,0,52
"0",28.5714285714286,52.112676056338,42.1052631578947,38,55.5555555555556,105,10,0.466666666666667,69.4,10,57,0,2,0,32
"1",54.4444444444444,52.112676056338,53.3333333333333,37,55.5555555555556,216,5,1.38461538461538,147.4,19,70,1,3,1,69
"0",54.4444444444444,45.2380952380952,42.1052631578947,20,46.1538461538462,82,1,0.230769230769231,50.6,9,31,2,1,0,20
"0",54.4444444444444,51.7241379310345,45.8823529411765,39,55.5555555555556,186,5,0.75,122.6,17,71,2,3,1,51
"1",54.4444444444444,55.8139534883721,53.3333333333333,19,44.8275862068966,165,5,1.16666666666667,111.9,28,92,1,2,1,44
"1",54.4444444444444,51.7241379310345,59.2592592592593,40,44.8275862068966,190,9,1.33333333333333,151.2,37,90,1,2,2,61
"0",54.4444444444444,51.5625,42.4657534246575,33,46.1538461538462,153,4,0.625,114.2,10,64,0,1,0,44
"1",48.1481481481481,51.5625,59.2592592592593,22,46.1538461538462,116,4,1.5,87.3,32,93,1,1,0,67
"1",54.4444444444444,52.112676056338,42.4657534246575,41,46.1538461538462,191,9,1.07142857142857,133.9,30,73,0,1,2,56
"0",28.5714285714286,52.112676056338,42.1052631578947,31,54.8387096774194,110,5,0.5625,77,24,61,2,3,0,38
"1",50.6666666666667,49.2753623188406,42.4657534246575,38,55.5555555555556,162,5,0.866666666666667,106.5,27,82,1,2,0,44
"0",48.1481481481481,51.5625,42.4657534246575,33,55.5555555555556,178,5,0.736842105263158,194.1,13,64,2,4,1,72
"1",54.4444444444444,49.3150684931507,45.4545454545455,44,55.5555555555556,234,11,1.42857142857143,165.7,28,83,4,2,3,75
"0",50.6666666666667,55.8139534883721,55.5555555555556,34,55.5555555555556,309,4,1.27777777777778,254.3,39,81,1,1,1,104
"1",54.4444444444444,49.3150684931507,53.3333333333333,31,55.5555555555556,197,7,1.875,136.3,24,72,1,0,0,66
"0",54.4444444444444,45.2380952380952,42.1052631578947,40,55.5555555555556,115,12,0.421052631578947,130.3,12,71,1,0,0,46
"1",54.4444444444444,45.2380952380952,59.2592592592593,41,46.1538461538462,155,13,1.14285714285714,103.4,36,75,2,0,0,40
"0",54.4444444444444,51.5625,59.2592592592593,23,46.1538461538462,160,4,0.642857142857143,104.8,10,50,0,1,0,39
"1",54.4444444444444,49.2753623188406,45.8823529411765,34,46.1538461538462,87,8,0.583333333333333,58.3,29,79,1,2,0,26
"0",50.6666666666667,45.2380952380952,42.4657534246575,32,55.5555555555556,112,1,0.4375,84.7,16,47,1,1,0,35
"1",54.4444444444444,49.3150684931507,45.8823529411765,32,55.5555555555556,134,10,0.769230769230769,91.1,22,80,2,1,0,38
"1",54.4444444444444,49.2753623188406,42.1052631578947,29,46.1538461538462,83,9,0.75,69.5,28,76,0,0,0,32
"0",54.4444444444444,51.5625,42.4657534246575,46,46.1538461538462,168,9,0.777777777777778,123.8,22,88,0,1,0,45
"1",50.6666666666667,49.3150684931507,55.5555555555556,33,55.5555555555556,239,3,1.14285714285714,175.3,37,65,3,0,1,70
"0",54.4444444444444,49.2753623188406,45.8823529411765,47,60,160,13,0.823529411764706,120.8,15,89,0,2,0,49
"0",54.4444444444444,51.5625,45.8823529411765,38,46.1538461538462,130,3,0.8,87,37,58,0,0,1,40
"0",28.5714285714286,49.3150684931507,55.5555555555556,38,46.1538461538462,242,7,1.14285714285714,201,22,70,2,0,2,91
"0",28.5714285714286,49.2753623188406,59.2592592592593,41,55.5555555555556,157,4,0.777777777777778,103.1,26,64,1,0,0,41
"1",50.6666666666667,49.2753623188406,53.3333333333333,31,55.5555555555556,170,8,0.857142857142857,119.8,15,77,3,2,1,53
"1",50.6666666666667,55.8139534883721,42.4657534246575,31,46.1538461538462,184,3,0.846153846153846,119.4,34,78,2,4,0,51
"0",50.6666666666667,45.2380952380952,45.8823529411765,38,46.1538461538462,138,5,0.409090909090909,100.8,19,57,0,2,0,35
"1",50.6666666666667,55.8139534883721,59.2592592592593,23,60,152,3,0.727272727272727,102.5,15,53,0,5,1,45
"1",54.4444444444444,51.5625,78.5714285714286,32,55.5555555555556,230,7,1.55555555555556,161.9,38,83,2,1,3,88
"0",54.4444444444444,49.2753623188406,45.8823529411765,35,60,175,4,1,110.3,16,65,1,0,0,44
"0",54.4444444444444,51.5625,42.4657534246575,37,46.1538461538462,180,6,0.833333333333333,110.7,31,78,3,3,0,45
"1",66.6666666666667,55.8139534883721,75,25,55.5555555555556,185,2,2,133.6,15,88,0,1,0,70
"0",54.4444444444444,51.5625,42.4657534246575,43,55.5555555555556,156,4,0.666666666666667,110.1,22,50,2,4,1,46
"0",54.4444444444444,51.5625,45.4545454545455,40,55.5555555555556,171,10,0.888888888888889,118.7,23,57,2,3,2,39
"1",54.4444444444444,55.8139534883721,42.1052631578947,35,46.1538461538462,95,4,0.470588235294118,58,14,52,1,2,0,21
"1",50.6666666666667,51.7241379310345,53.3333333333333,66,55.5555555555556,214,12,0.961538461538462,173.8,17,75,4,8,1,53
"1",66.6666666666667,55.8139534883721,45.8823529411765,28,44.8275862068966,157,7,0.8,119.4,12,76,0,1,0,57
"0",28.5714285714286,52.112676056338,42.1052631578947,32,46.1538461538462,118,4,0.352941176470588,90,26,47,1,2,0,38
"0",66.6666666666667,55.8139534883721,42.1052631578947,31,55.5555555555556,114,4,0.375,90.3,23,42,0,2,0,43
"0",54.4444444444444,49.2753623188406,42.1052631578947,27,46.1538461538462,60,3,0.153846153846154,53.6,15,50,0,1,0,23
"0",48.1481481481481,51.7241379310345,45.8823529411765,36,46.1538461538462,122,1,0.625,82.1,23,48,1,1,0,32
"1",54.4444444444444,51.7241379310345,55.5555555555556,34,46.1538461538462,242,3,1.33333333333333,140.6,36,77,4,1,2,52
"1",54.4444444444444,51.7241379310345,45.8823529411765,40,44.8275862068966,147,7,0.65,114.6,23,75,1,2,0,41
"1",54.4444444444444,49.3150684931507,59.2592592592593,30,44.8275862068966,132,6,0.666666666666667,111.2,28,74,2,2,0,50
"0",54.4444444444444,49.3150684931507,53.3333333333333,32,54.8387096774194,214,9,0.8,128.8,13,72,2,3,1,52
"1",54.4444444444444,51.5625,45.8823529411765,26,44.8275862068966,125,6,0.777777777777778,98.4,37,80,1,0,0,43
"0",54.4444444444444,49.3150684931507,45.8823529411765,41,55.5555555555556,159,13,0.65,102.4,33,75,2,0,0,44
"0",66.6666666666667,52.112676056338,45.4545454545455,24,46.1538461538462,270,0,1.08333333333333,192,22,64,1,0,1,84
"0",28.5714285714286,49.2753623188406,42.1052631578947,35,46.1538461538462,40,8,0.1,32.4,14,45,0,4,0,11
"0",54.4444444444444,51.7241379310345,53.3333333333333,52,55.5555555555556,213,12,1.21052631578947,140.5,29,87,0,2,1,47
"1",54.4444444444444,51.7241379310345,45.8823529411765,43,46.1538461538462,128,14,0.55,127.3,23,65,0,0,0,43
"1",54.4444444444444,51.7241379310345,42.4657534246575,35,54.8387096774194,197,12,1.18181818181818,122.3,18,68,0,1,1,58
"0",54.4444444444444,51.5625,42.1052631578947,39,55.5555555555556,140,5,0.684210526315789,102.6,20,62,0,1,1,37
"1",54.4444444444444,49.3150684931507,75,28,46.1538461538462,210,3,2,142.8,28,89,0,0,1,73
"1",54.4444444444444,51.5625,53.3333333333333,33,53.3333333333333,168,1,1.1,113.7,17,84,1,2,0,54
"1",54.4444444444444,52.112676056338,59.2592592592593,36,44.8275862068966,131,6,0.625,99.3,26,78,1,2,0,43
"0",28.5714285714286,52.112676056338,59.2592592592593,34,54.8387096774194,154,2,0.785714285714286,97.8,26,65,0,0,0,45
"0",50.6666666666667,49.2753623188406,45.4545454545455,36,54.8387096774194,252,3,1.2,156.9,27,75,3,2,2,69
"1",54.4444444444444,51.5625,45.8823529411765,32,54.8387096774194,134,8,0.8,83.8,22,75,3,1,0,37
"1",48.1481481481481,51.7241379310345,59.2592592592593,26,54.8387096774194,131,5,0.727272727272727,87,24,82,0,1,1,38
"1",28.5714285714286,52.112676056338,53.3333333333333,43,44.8275862068966,171,3,0.875,154.6,20,58,2,3,1,60
"1",54.4444444444444,52.112676056338,42.4657534246575,33,54.8387096774194,182,11,1.2,129.7,29,83,1,1,0,55
"1",54.4444444444444,49.3150684931507,75,42,46.1538461538462,206,7,1.0625,117.3,15,65,0,2,2,51
"0",54.4444444444444,52.112676056338,42.1052631578947,34,46.1538461538462,129,7,0.666666666666667,88.5,10,62,0,2,0,44
"1",54.4444444444444,49.2753623188406,42.4657534246575,18,60,132,6,2,98.5,17,92,0,0,1,55
"1",54.4444444444444,49.3150684931507,59.2592592592593,34,60,165,11,0.6875,111.3,24,73,1,2,1,49
"0",54.4444444444444,51.5625,42.4657534246575,41,55.5555555555556,176,6,0.764705882352941,133.9,31,71,1,1,1,51
"0",30,52.112676056338,42.1052631578947,34,54.8387096774194,120,7,0.277777777777778,107.8,9,45,0,6,0,43
"0",54.4444444444444,49.2753623188406,42.1052631578947,42,55.5555555555556,170,6,0.777777777777778,125.4,41,70,0,2,1,50
"0",50.6666666666667,55.8139534883721,75,54,44.8275862068966,199,4,0.782608695652174,142.7,27,68,5,1,1,50
"0",50.6666666666667,52.112676056338,45.4545454545455,39,44.8275862068966,216,4,1.21428571428571,148.1,16,82,3,3,2,63
"0",50.6666666666667,49.3150684931507,42.1052631578947,30,44.8275862068966,85,1,0.428571428571429,65.5,17,47,0,4,0,27
"0",50.6666666666667,49.2753623188406,45.4545454545455,28,44.8275862068966,278,0,1.06666666666667,173.4,31,62,2,1,3,71
"1",50.6666666666667,45.2380952380952,78.5714285714286,43,44.8275862068966,270,2,1.35294117647059,175.5,30,96,3,3,1,72
"1",50.6666666666667,45.2380952380952,42.4657534246575,38,54.8387096774194,149,7,0.714285714285714,92.5,22,65,3,4,0,42
"1",54.4444444444444,51.5625,45.4545454545455,21,54.8387096774194,216,6,2,148.9,42,86,2,1,1,90
"1",50.6666666666667,55.8139534883721,59.2592592592593,33,55.5555555555556,108,1,0.571428571428571,83,41,60,3,1,0,30
"1",54.4444444444444,52.112676056338,42.1052631578947,51,55.5555555555556,72,6,0.388888888888889,47,29,61,1,2,0,16
"0",54.4444444444444,51.5625,45.8823529411765,25,44.8275862068966,139,6,0.75,166.3,30,71,1,0,0,68
"0",33.3333333333333,49.3150684931507,45.8823529411765,44,44.8275862068966,149,11,0.65,108.3,26,81,0,0,0,40
"1",50.6666666666667,52.112676056338,55.5555555555556,53,44.8275862068966,237,7,1.04761904761905,161.3,20,80,6,1,1,56
"1",54.4444444444444,49.2753623188406,53.3333333333333,37,54.8387096774194,185,6,1.27272727272727,104.4,20,79,0,1,1,48
"0",50.6666666666667,51.7241379310345,45.8823529411765,31,55.5555555555556,119,8,0.4,94,35,58,1,3,0,43
"0",54.4444444444444,45.2380952380952,42.4657534246575,10,44.8275862068966,97,2,0.4,65.7,0,14,0,0,0,38
"0",54.4444444444444,51.5625,45.8823529411765,30,54.8387096774194,147,8,0.625,93.5,26,80,0,2,0,41
"1",54.4444444444444,45.2380952380952,53.3333333333333,28,54.8387096774194,173,9,1.5,117.7,9,88,1,1,0,60
"0",28.5714285714286,49.3150684931507,53.3333333333333,39,54.8387096774194,180,5,0.882352941176471,109.5,15,62,0,1,1,44
"1",54.4444444444444,52.112676056338,59.2592592592593,38,44.8275862068966,175,11,1.2,129,18,71,2,3,1,64
"0",54.4444444444444,49.3150684931507,53.3333333333333,30,54.8387096774194,180,5,0.647058823529412,119.2,18,58,3,2,0,46
"1",28.5714285714286,49.2753623188406,42.1052631578947,42,61.5384615384615,131,6,0.526315789473684,111.1,18,65,0,2,0,45
"0",30,51.7241379310345,42.1052631578947,33,46.1538461538462,122,5,0.466666666666667,95.3,10,60,1,2,0,37
"0",54.4444444444444,55.8139534883721,42.4657534246575,43,55.5555555555556,157,9,0.8125,115.3,26,71,0,0,1,48
"0",50.6666666666667,51.7241379310345,42.1052631578947,38,54.8387096774194,154,4,0.647058823529412,114.6,15,59,1,2,0,48
"1",50.6666666666667,51.5625,45.8823529411765,34,60,151,4,0.764705882352941,117.8,25,61,1,3,0,48
"0",54.4444444444444,45.2380952380952,45.8823529411765,34,54.8387096774194,138,8,0.846153846153846,81.3,23,60,1,1,1,36
"1",45.4545454545455,52.112676056338,59.2592592592593,27,54.8387096774194,127,5,1.33333333333333,136.2,14,88,0,0,0,62
"1",54.4444444444444,49.3150684931507,45.4545454545455,33,55.5555555555556,235,8,1.33333333333333,161.4,24,74,0,3,3,69
"0",54.4444444444444,49.2753623188406,45.8823529411765,42,54.8387096774194,141,7,0.55,91.2,15,74,0,3,0,35
"0",50.6666666666667,55.8139534883721,53.3333333333333,40,55.5555555555556,191,5,0.875,141.7,29,73,2,1,0,63
"1",54.4444444444444,51.7241379310345,42.4657534246575,44,44.8275862068966,178,13,0.8,124.5,18,68,0,1,0,45
"0",54.4444444444444,45.2380952380952,42.4657534246575,39,44.8275862068966,179,8,0.8125,119.7,25,87,2,3,0,55
"0",54.4444444444444,49.3150684931507,59.2592592592593,28,55.5555555555556,146,4,0.6,98.2,29,56,1,2,1,40
"0",50.6666666666667,55.8139534883721,75,27,54.8387096774194,222,5,0.8,168.4,19,65,0,1,1,66
"0",30,49.2753623188406,42.4657534246575,32,54.8387096774194,147,2,0.526315789473684,91.9,27,50,3,1,1,32
"1",54.4444444444444,55.8139534883721,75,50,44.8275862068966,242,11,1.27777777777778,169.6,30,68,4,2,2,61
"0",45.4545454545455,49.3150684931507,59.2592592592593,28,54.8387096774194,163,3,0.625,117.7,38,53,1,3,1,49
"0",50.6666666666667,45.2380952380952,55.5555555555556,34,44.8275862068966,322,2,1.35294117647059,215.7,19,55,2,4,5,82
"1",50.6666666666667,52.112676056338,55.5555555555556,45,44.8275862068966,258,5,1.17647058823529,183.1,18,74,2,3,2,69
"0",50.6666666666667,51.7241379310345,45.8823529411765,36,54.8387096774194,168,5,0.647058823529412,112.5,24,67,3,2,0,42
"1",50.6666666666667,49.2753623188406,45.4545454545455,25,54.8387096774194,248,4,1.55555555555556,200.8,33,100,2,0,0,74
"0",54.4444444444444,49.2753623188406,42.1052631578947,36,54.8387096774194,106,6,0.428571428571429,77,13,80,0,0,0,35
"1",54.4444444444444,51.7241379310345,78.5714285714286,37,54.8387096774194,201,9,1.14285714285714,122.3,16,95,3,1,1,44
"1",48.1481481481481,45.2380952380952,45.8823529411765,31,55.5555555555556,163,11,0.642857142857143,117.1,13,74,1,3,1,49
"0",54.4444444444444,51.5625,75,25,55.5555555555556,209,9,0.846153846153846,144,16,65,0,3,0,66
"1",54.4444444444444,55.8139534883721,42.4657534246575,32,55.5555555555556,154,10,0.818181818181818,109.8,18,80,1,2,1,64
"0",54.4444444444444,55.8139534883721,45.4545454545455,33,54.8387096774194,237,8,1.13333333333333,144.8,21,65,1,2,1,57
"0",54.4444444444444,49.3150684931507,59.2592592592593,41,54.8387096774194,155,14,0.705882352941177,97.5,12,75,3,3,0,38
"1",54.4444444444444,51.7241379310345,42.4657534246575,45,54.8387096774194,209,10,1.23529411764706,130.3,10,85,0,3,1,46
"1",54.4444444444444,45.2380952380952,42.1052631578947,28,55.5555555555556,107,3,0.416666666666667,77.7,16,79,1,2,0,32
"1",50.6666666666667,52.112676056338,53.3333333333333,22,54.8387096774194,215,4,1.42857142857143,146.8,15,85,1,1,1,61
"1",28.5714285714286,51.7241379310345,75,32,46.1538461538462,154,7,1.2,116,17,73,0,2,0,77
"1",28.5714285714286,49.3150684931507,42.1052631578947,37,46.1538461538462,131,6,0.533333333333333,79.9,16,76,1,3,1,34
"0",71.4285714285714,51.5625,53.3333333333333,32,46.1538461538462,224,9,0.588235294117647,145.1,12,76,0,2,1,41
"0",48.1481481481481,49.2753623188406,42.1052631578947,32,55.5555555555556,136,3,0.714285714285714,96.9,14,45,1,1,1,39
"1",54.4444444444444,55.8139534883721,42.1052631578947,31,55.5555555555556,135,9,0.571428571428571,109.4,24,74,0,2,0,49
"1",48.1481481481481,45.2380952380952,59.2592592592593,24,55.5555555555556,149,3,2.2,100.9,27,81,0,0,0,59
"1",54.4444444444444,52.112676056338,42.4657534246575,46,55.5555555555556,202,8,0.842105263157895,130.3,11,69,1,2,0,48
"1",54.4444444444444,51.7241379310345,59.2592592592593,39,54.8387096774194,158,10,0.8,98.5,10,73,1,0,1,38
"0",28.5714285714286,45.2380952380952,42.1052631578947,24,54.8387096774194,87,5,0.1875,63.7,10,62,0,0,0,23
"0",50.6666666666667,49.2753623188406,42.1052631578947,29,54.8387096774194,99,2,0.3125,75.5,9,58,1,2,0,31
"1",30,55.8139534883721,55.5555555555556,41,54.8387096774194,279,5,1.46666666666667,192.7,17,75,2,2,2,74
"0",54.4444444444444,49.2753623188406,53.3333333333333,40,55.5555555555556,186,10,0.823529411764706,121.3,18,83,1,3,1,48
"0",54.4444444444444,55.8139534883721,45.8823529411765,36,55.5555555555556,145,12,0.5625,107.8,20,77,1,0,0,40
"0",54.4444444444444,52.112676056338,42.1052631578947,36,55.5555555555556,60,5,0.15,49.2,3,45,0,6,0,18
"0",30,45.2380952380952,42.4657534246575,36,54.8387096774194,179,4,0.571428571428571,110.3,12,62,3,2,1,42
"0",54.4444444444444,52.112676056338,45.8823529411765,36,44.8275862068966,131,3,0.5625,83.8,15,45,1,4,1,32
"0",54.4444444444444,49.2753623188406,59.2592592592593,37,54.8387096774194,177,13,0.857142857142857,120.4,6,76,0,1,0,60
"0",30,55.8139534883721,59.2592592592593,31,54.8387096774194,119,2,0.4375,88.2,9,50,3,3,0,39
"0",50.6666666666667,45.2380952380952,42.4657534246575,26,44.8275862068966,138,4,0.375,96.6,11,59,1,3,0,36
"0",48.1481481481481,49.3150684931507,45.4545454545455,30,50,241,3,0.933333333333333,154.5,16,72,0,3,1,57
"0",48.1481481481481,49.2753623188406,45.4545454545455,40,50,268,6,1.11111111111111,162,7,73,4,2,0,62
"0",48.1481481481481,45.2380952380952,55.5555555555556,54,53.3333333333333,286,7,1.12,184.1,26,83,1,2,1,58
"0",50.6666666666667,49.2753623188406,45.8823529411765,27,44.8275862068966,131,3,0.571428571428571,96.5,24,55,1,4,0,42
"1",48.1481481481481,45.2380952380952,75,30,54.8387096774194,226,4,1.07142857142857,166.1,20,100,2,3,0,66
"0",48.1481481481481,55.8139534883721,45.8823529411765,41,54.8387096774194,131,4,0.625,98.4,6,71,0,1,0,42
"1",54.4444444444444,51.5625,59.2592592592593,38,54.8387096774194,149,7,0.8,97.4,11,73,2,2,1,41
"0",48.1481481481481,49.3150684931507,59.2592592592593,36,46.1538461538462,176,6,0.8125,110,8,57,1,2,1,46
"1",48.1481481481481,45.2380952380952,78.5714285714286,38,54.8387096774194,274,11,1.4375,164.4,13,88,3,0,4,59
"1",54.4444444444444,55.8139534883721,75,30,55.5555555555556,246,3,1.63636363636364,131.8,20,75,2,3,3,56
"1",48.1481481481481,49.2753623188406,45.8823529411765,21,55.5555555555556,102,3,1,71.7,29,79,0,0,0,41
"1",50.6666666666667,51.5625,45.4545454545455,38,55.5555555555556,222,2,1.25,141.9,26,74,3,1,1,56
"1",48.1481481481481,49.3150684931507,45.8823529411765,48,55.5555555555556,141,9,0.736842105263158,93.6,24,63,0,0,1,31
"1",50.6666666666667,49.2753623188406,75,39,54.8387096774194,184,4,0.9375,113.1,16,70,4,1,1,43
"1",54.4444444444444,51.5625,59.2592592592593,35,54.8387096774194,155,9,0.588235294117647,110.5,26,78,1,4,0,39
"1",30,52.112676056338,75,41,55.5555555555556,234,7,1.11111111111111,160.8,18,68,4,4,1,57
"0",54.4444444444444,51.7241379310345,42.1052631578947,34,46.1538461538462,89,7,0.294117647058824,52.1,0,53,0,1,0,20
"0",48.1481481481481,45.2380952380952,42.4657534246575,33,55.5555555555556,195,3,0.736842105263158,131.4,21,70,3,1,1,49
"0",50.6666666666667,52.112676056338,53.3333333333333,37,55.5555555555556,200,1,1,125.5,14,64,1,0,0,49
"0",28.5714285714286,49.3150684931507,42.4657534246575,29,55.5555555555556,159,10,0.5,110.2,14,58,1,1,0,46
"0",28.5714285714286,49.2753623188406,45.8823529411765,37,60,168,3,0.764705882352941,117,24,59,2,2,0,47
"1",54.4444444444444,55.8139534883721,42.1052631578947,37,46.1538461538462,102,7,0.368421052631579,76.7,17,48,0,0,0,28
"0",30,49.3150684931507,45.8823529411765,36,60,124,3,0.391304347826087,96.5,13,48,1,6,0,36
"1",100,55.8139534883721,42.4657534246575,42,60,168,6,0.736842105263158,113.4,16,73,2,6,2,44
"1",54.4444444444444,49.2753623188406,75,24,46.1538461538462,179,3,1.71428571428571,123.2,22,94,2,2,1,54
"1",54.4444444444444,49.3150684931507,42.4657534246575,35,60,175,7,1,122.2,16,73,2,2,1,53
"0",54.4444444444444,51.7241379310345,42.1052631578947,31,46.1538461538462,103,4,0.352941176470588,58.2,9,45,0,1,1,22
"0",48.1481481481481,49.2753623188406,42.1052631578947,34,46.1538461538462,103,9,0.35,74.7,13,70,1,1,0,28
"1",54.4444444444444,52.112676056338,42.4657534246575,37,55.5555555555556,183,7,1,123,17,77,1,1,1,51
"1",54.4444444444444,55.8139534883721,45.8823529411765,36,60,127,6,0.714285714285714,79.9,14,68,0,0,0,40
"0",48.1481481481481,45.2380952380952,45.8823529411765,43,55.5555555555556,96,6,0.380952380952381,62.4,12,64,0,0,0,22
"0",54.4444444444444,55.8139534883721,45.8823529411765,30,46.1538461538462,174,5,0.75,122.6,28,67,1,0,0,49
"1",54.4444444444444,49.3150684931507,42.4657534246575,25,46.1538461538462,194,12,1,123.9,16,88,1,0,0,55
"0",54.4444444444444,51.7241379310345,42.4657534246575,28,33.3333333333333,203,8,0.705882352941177,126.1,19,68,1,3,1,50
"0",50.6666666666667,50,42.4657534246575,34,33.3333333333333,170,1,0.6875,123.5,20,48,2,4,0,55
"0",54.4444444444444,51.7241379310345,59.2592592592593,25,60,169,10,0.4,123.4,13,81,1,0,0,50
"1",48.1481481481481,45.2380952380952,42.1052631578947,40,60,104,9,0.24,79,20,50,1,4,0,28
"0",50.6666666666667,52.112676056338,45.8823529411765,33,55.5555555555556,114,3,0.294117647058824,85.1,24,50,3,4,0,36
"1",54.4444444444444,49.3150684931507,42.4657534246575,28,54.8387096774194,150,4,0.833333333333333,97.5,25,61,0,1,0,35
"0",54.4444444444444,55.8139534883721,42.4657534246575,29,33.3333333333333,134,6,0.6,97.5,22,68,1,1,0,36
"0",54.4444444444444,51.7241379310345,42.4657534246575,20,55.5555555555556,134,5,0.384615384615385,86.5,21,46,1,3,0,34
"1",50.6666666666667,50,53.3333333333333,40,55.5555555555556,214,3,1,141,19,79,2,1,0,55
"0",50.6666666666667,50,42.4657534246575,38,46.1538461538462,199,7,0.941176470588235,118.6,10,64,3,2,2,47
"0",30,55.8139534883721,42.4657534246575,28,55.5555555555556,189,2,0.666666666666667,122.2,19,56,3,4,1,47
"0",50.6666666666667,51.5625,42.4657534246575,45,0,207,5,1.17647058823529,126.8,15,65,3,3,3,45
"1",48.1481481481481,45.2380952380952,59.2592592592593,38,46.1538461538462,173,9,0.684210526315789,109.7,17,67,5,3,1,40
"0",50.6666666666667,49.3150684931507,42.4657534246575,33,60,130,1,0.785714285714286,79.9,18,55,2,2,0,37
"0",50.6666666666667,50,45.4545454545455,38,46.1538461538462,236,7,1.05882352941176,156.6,22,86,1,3,0,63
"1",50.6666666666667,49.3150684931507,53.3333333333333,25,55.5555555555556,205,5,1.625,137.3,16,88,0,2,0,72
"1",50.6666666666667,51.5625,42.4657534246575,41,60,148,2,0.684210526315789,109.7,16,62,3,0,0,42
"1",54.4444444444444,45.2380952380952,42.1052631578947,32,60,86,10,0.454545454545455,52.8,8,63,0,0,0,27
"1",54.4444444444444,52.112676056338,42.1052631578947,50,60,111,8,0.611111111111111,73.7,12,60,1,4,0,27
"1",54.4444444444444,50,45.8823529411765,33,61.5384615384615,90,5,0.636363636363636,50.4,19,60,1,3,0,25
"0",50.6666666666667,49.3150684931507,42.1052631578947,49,61.5384615384615,150,7,0.571428571428571,101.5,12,73,2,3,0,37
"1",54.4444444444444,51.7241379310345,42.4657534246575,44,33.3333333333333,188,7,1.0625,125,21,71,0,4,1,50
"0",50.6666666666667,50,59.2592592592593,22,33.3333333333333,107,0,0.25,76.3,17,33,0,4,0,31
"0",48.1481481481481,45.2380952380952,45.8823529411765,49,0,117,9,0.392857142857143,68.7,9,53,1,1,1,22
"0",50.6666666666667,55.8139534883721,71.4285714285714,36,60,310,5,1.33333333333333,211.6,30,87,7,2,1,82
"1",50.6666666666667,51.7241379310345,45.4545454545455,32,61.5384615384615,233,5,1.125,133.6,20,62,3,3,3,51
"0",50.6666666666667,51.5625,59.2592592592593,38,0,157,2,0.666666666666667,106.8,26,57,1,4,0,44
"0",33.3333333333333,49.3150684931507,55.5555555555556,36,33.3333333333333,228,7,0.882352941176471,152.8,27,71,4,1,0,52
"1",54.4444444444444,52.112676056338,42.1052631578947,41,61.5384615384615,120,7,0.5,81.6,10,57,1,3,0,30
"0",54.4444444444444,45.2380952380952,59.2592592592593,36,0,155,10,0.5625,114.7,18,70,1,3,0,45
"1",54.4444444444444,55.8139534883721,42.1052631578947,42,50,97,7,0.315789473684211,73.9,11,52,2,6,0,27
"1",48.1481481481481,50,59.2592592592593,38,33.3333333333333,165,8,0.736842105263158,103,9,71,3,1,1,39
"1",50.6666666666667,50,59.2592592592593,36,46.1538461538462,183,9,0.8,125.1,15,86,3,0,0,51
"1",50.6666666666667,51.7241379310345,75,36,33.3333333333333,229,6,1.41666666666667,132.5,9,76,4,1,2,49
"0",50.6666666666667,52.112676056338,75,42,55.5555555555556,216,5,0.888888888888889,148.9,15,75,5,5,1,57
"1",66.6666666666667,49.3150684931507,59.2592592592593,36,55.5555555555556,176,6,0.8,122.9,15,57,2,4,1,51
"1",54.4444444444444,51.5625,59.2592592592593,38,46.1538461538462,157,4,0.857142857142857,93.9,18,68,2,0,1,38
"1",54.4444444444444,49.3150684931507,42.4657534246575,37,60,155,15,0.5,107,7,86,2,2,0,38
"1",50.6666666666667,55.8139534883721,75,27,60,187,4,0.583333333333333,121.5,12,62,3,1,1,49
"0",54.4444444444444,52.112676056338,42.4657534246575,37,50,143,5,0.578947368421053,87.1,15,50,0,2,1,36
"0",50.6666666666667,49.3150684931507,42.1052631578947,38,61.5384615384615,131,7,0.4,97.2,10,57,3,7,1,36
"0",50.6666666666667,50,42.4657534246575,35,61.5384615384615,115,3,0.35,78.9,10,48,3,7,0,29
"0",45.4545454545455,52.112676056338,45.8823529411765,25,61.5384615384615,106,4,0.3125,69.8,15,65,1,3,0,28
"0",50.6666666666667,51.7241379310345,45.4545454545455,30,61.5384615384615,245,4,0.9375,149.9,18,78,5,2,1,56
"1",48.1481481481481,45.2380952380952,45.4545454545455,37,55.5555555555556,232,10,0.941176470588235,148.7,16,80,3,1,1,54
"1",50.6666666666667,45.2380952380952,78.5714285714286,32,44.8275862068966,285,6,1.58333333333333,201.5,23,84,0,3,1,91
"0",50.6666666666667,51.5625,42.4657534246575,45,54.8387096774194,186,4,0.772727272727273,122.3,15,71,2,7,1,43
"1",33.3333333333333,49.3150684931507,75,30,54.8387096774194,178,9,0.846153846153846,117.2,13,63,3,4,0,55
"0",45.4545454545455,50,42.1052631578947,35,55.5555555555556,164,6,0.666666666666667,98.7,25,71,1,2,1,40
"1",50.6666666666667,51.7241379310345,45.4545454545455,32,46.1538461538462,258,3,1.30769230769231,158.6,21,74,5,2,2,60
"0",33.3333333333333,49.3150684931507,45.4545454545455,40,53.3333333333333,247,7,1.05555555555556,142.7,19,82,1,0,2,61
"0",50.6666666666667,45.2380952380952,42.1052631578947,32,54.8387096774194,118,7,0.2,94.9,11,65,3,3,0,39
"1",54.4444444444444,49.2753623188406,45.4545454545455,38,54.8387096774194,251,19,1.05882352941176,142.5,11,86,1,1,2,46
"1",100,51.5625,42.1052631578947,22,54.8387096774194,110,5,0.4,84.8,9,83,0,0,0,28
"0",54.4444444444444,49.2753623188406,75,24,55.5555555555556,209,3,0.714285714285714,126.4,15,53,1,5,0,45
"0",48.1481481481481,45.2380952380952,42.4657534246575,8,46.1538461538462,60,0,0.25,43.2,25,40,0,1,0,24
"0",54.4444444444444,51.5625,45.8823529411765,25,54.8387096774194,97,6,0.357142857142857,66.5,8,59,0,1,0,27
"1",54.4444444444444,49.3150684931507,42.1052631578947,29,54.8387096774194,137,12,0.636363636363636,93.1,11,72,0,0,1,38
"1",50.6666666666667,49.2753623188406,59.2592592592593,27,55.5555555555556,110,4,0.4,74.9,19,67,2,4,0,32
"1",30,51.5625,42.1052631578947,39,55.5555555555556,124,2,0.5,84,7,46,0,3,0,31
"1",48.1481481481481,45.2380952380952,42.1052631578947,34,55.5555555555556,97,10,0.315789473684211,66.6,9,58,0,2,0,26
"1",50.6666666666667,100,42.4657534246575,35,44.8275862068966,167,11,0.529411764705882,112.6,17,76,1,3,0,42
"1",54.4444444444444,51.7241379310345,45.8823529411765,37,55.5555555555556,125,10,0.727272727272727,85.3,22,75,1,1,0,33
"1",33.3333333333333,49.3150684931507,42.1052631578947,15,46.1538461538462,58,3,0.75,30.8,14,67,0,0,0,15
"1",54.4444444444444,50,42.1052631578947,37,46.1538461538462,102,9,0.533333333333333,76.5,18,71,2,2,0,32
"1",45.4545454545455,49.2753623188406,42.1052631578947,41,60,99,6,0.444444444444444,68.1,21,62,1,3,0,29
"1",50.6666666666667,51.5625,55.5555555555556,22,46.1538461538462,246,1,2,141,20,100,3,0,1,72
"0",33.3333333333333,45.2380952380952,59.2592592592593,27,60,184,7,0.6,130.8,23,65,0,2,0,54
"0",54.4444444444444,45.2380952380952,45.8823529411765,39,60,133,17,0.733333333333333,75.6,7,77,1,1,0,31
"1",50.6666666666667,49.3150684931507,75,9,46.1538461538462,203,2,0.5,120.8,12,80,1,1,0,54
"1",54.4444444444444,100,42.4657534246575,35,61.5384615384615,164,9,0.75,102.2,21,77,3,2,0,40
"0",50.6666666666667,49.3150684931507,45.8823529411765,41,60,154,12,0.476190476190476,111.1,13,54,2,5,0,46
"1",54.4444444444444,49.2753623188406,42.1052631578947,34,60,115,5,0.5,84.6,28,50,1,2,0,35
"1",50.6666666666667,50,53.3333333333333,29,46.1538461538462,189,5,1.16666666666667,117.9,16,83,1,2,0,46
"1",50.6666666666667,45.2380952380952,45.4545454545455,37,46.1538461538462,277,5,1.69230769230769,184,22,82,3,2,0,73
"0",50.6666666666667,51.7241379310345,45.4545454545455,31,54.8387096774194,258,7,1,165.6,14,72,1,4,2,70
"0",33.3333333333333,49.3150684931507,53.3333333333333,25,44.8275862068966,191,6,0.666666666666667,124.1,13,71,0,2,1,49
"0",50.6666666666667,51.5625,45.4545454545455,35,44.8275862068966,215,11,1,133.8,13,70,6,3,3,55
"1",50.6666666666667,100,45.4545454545455,43,61.5384615384615,226,7,0.941176470588235,159.8,12,70,1,3,1,61
"0",50.6666666666667,49.2753623188406,45.8823529411765,19,33.3333333333333,138,5,0.285714285714286,110,15,57,0,5,1,48
"1",54.4444444444444,45.2380952380952,45.8823529411765,43,61.5384615384615,148,15,0.619047619047619,83.4,12,65,1,1,1,29
"1",50.6666666666667,50,42.4657534246575,32,61.5384615384615,185,5,1.07142857142857,115.3,23,75,2,2,1,46
"0",50.6666666666667,49.3150684931507,75,46,53.3333333333333,206,8,0.736842105263158,134.6,23,73,5,5,2,48
"0",50.6666666666667,50,59.2592592592593,30,55.5555555555556,162,3,0.5,115.4,13,44,1,3,0,49
"1",54.4444444444444,51.7241379310345,78.5714285714286,22,54.8387096774194,243,8,1.3,148.8,13,81,2,3,1,64
"0",50.6666666666667,49.3150684931507,42.4657534246575,33,46.1538461538462,184,3,0.705882352941177,128.6,17,55,5,4,0,60
